SYMBOL,AVG,
20MICRONS,1.4499995,
21STCENMGM,0.13333352,
3IINFOTECH,0.11666664,
3MINDIA,1061.183,
3PLAND,0.4333334,
5PAISA,12.550003,
63MOONS,4.183332,
762GS2039,0.0,
A2ZINFRA,0.11666664,
AAKASH,0.5333333,
AARON,1.6999995,
AARTIDRUGS,23.483337,
AARTIIND,63.233337,
AARVEEDEN,0.7666664,
AAVAS,33.949993,
ABAN,18.616667,
ABB,16.316668,
ABBOTINDIA,117.683266,
ABCAPITAL,55.81679,
ABFRL,4.9333344,
ABSLBANETF,2.5333302,
ACC,10.390025,
ACCELYA,34.083355,
ACE,15.883319,
ADANIENT,4.316677,
ADANIGAS,1.9833323,
ADANIGREEN,20.08333,
ADANIPORTS,17.183334,
ADANIPOWER,2.2999966,
ADANITRANS,6.73333,
ADFFOODS,7.0833383,
ADHUNIKIND,3.0166676,
ADLABS,7.5666656,
ADORWELD,10.43333,
ADROITINFO,1.6666666,
ADSL,5.3166633,
ADVANIHOTR,7.2666664,
ADVENZYMES,2.0833323,
AEGISCHEM,1.9666659,
AFFLE,43.533344,
AGARIND,3.7333305,
AGCNET,2.133334,
AGRITECH,31.1,
AGROPHOS,3.7666676,
AHLEAST,8.766663,
AHLUCONT,27.450012,
AHLWEST,7.799998,
AIAENG,43.33331,
AIONJSW,3.166666,
AIRAN,3.600002,
AJANTPHARM,23.65,
AJMERA,22.81665,
AKASH,9.049998,
AKSHARCHEM,6.2666707,
AKSHOPTFBR,27.783333,
AKZOINDIA,63.866726,
ALANKIT,2.6500018,
ALBERTDAVD,18.433336,
ALBK,3.7833328,
ALCHEM,12.983333,
ALEMBICLTD,7.6166673,
ALICON,34.750027,
ALKALI,23.983343,
ALKEM,42.15003,
ALKYLAMINE,20.466673,
ALLCARGO,1.5499997,
ALLSEC,3.1999962,
ALMONDZ,12.583333,
ALOKTEXT,6.400004,
ALPA,13.966666,
ALPHAGEO,57.333344,
ALPSINDUS,12.883317,
AMARAJABAT,8.200002,
AMBER,42.05,
AMBIKCO,5.816671,
AMBUJACEM,3.0666676,
AMDIND,10.499999,
AMJLAND,0.53333384,
AMRUTANJAN,23.633331,
ANANTRAJ,68.40001,
ANDHRABANK,10.150016,
ANDHRACEMT,4.633333,
ANDHRSUGAR,6.8166623,
ANDPAPER,6.0833335,
ANIKINDS,10.316661,
ANKITMETAL,1.1500007,
ANSALAPI,0.5166669,
ANSALHSG,0.19999997,
ANTGRAPHIC,7.533339,
ANUP,27.49999,
APARINDS,2.5833375,
APCL,2.650001,
APCOTEXIND,1.9833312,
APEX,4.066671,
APLAPOLLO,10.866666,
APLLTD,19.916666,
APOLLO,9.116672,
APOLLOHOSP,15.06663,
APOLLOPIPE,11.0,
APOLLOTYRE,22.65,
APOLSINHOT,55.066692,
APTECHT,24.366663,
ARCHIDPLY,3.633335,
ARCHIES,24.250015,
ARCOTECH,11.550004,
ARIES,4.6666665,
ARIHANT,12.566658,
ARIHANTSUP,5.0499988,
ARMANFIN,7.4333377,
AROGRANITE,1.0500005,
ARROWGREEN,0.48333335,
ARROWTEX,0.21666686,
ARSHIYA,1.9333338,
ARSSINFRA,1.0666662,
ARTEMISMED,0.76666707,
ARVIND,22.799994,
ARVINDFASN,4.166668,
ARVSMART,2.4833324,
ASAHIINDIA,2.2666647,
ASAHISONG,2.5833352,
ASAL,0.93333435,
ASCOM,3.4500046,
ASHAPURMIN,1.9000015,
ASHIANA,8.700005,
ASHIMASYN,7.133335,
ASHOKA,7.0499954,
ASHOKLEY,10.033328,
ASIANHOTNR,2.7666657,
ASIANPAINT,8.066659,
ASIANTILES,4.2500014,
ASPINWALL,5.0833325,
ASTEC,6.2666626,
ASTERDM,4.3333306,
ASTRAL,25.749985,
ASTRAMICRO,11.633342,
ASTRAZEN,43.916668,
ASTRON,4.8999963,
ATFL,17.083334,
ATLANTA,12.133335,
ATLASCYCLE,9.266667,
ATUL,64.5166,
ATULAUTO,24.949984,
AUBANK,52.0,
AURIONPRO,12.666672,
AUROPHARMA,16.066668,
AUSOMENT,2.4333334,
AUTOAXLES,33.649963,
AUTOIND,36.899967,
AUTOLITIND,21.483324,
AVADHSUGAR,17.366676,
AVANTIFEED,20.950012,
AVG,3.799998,
AVROIND,14.566667,
AVTNPL,16.383337,
AXISBANK,5.200004,
AXISCADES,6.0999923,
AXISGOLD,24.016632,
AXISNIFTY,13.513326,
AYMSYNTEX,2.1666667,
BAGFILMS,3.7500122,
BAJAJ-AUTO,18.666662,
BAJAJCON,15.566667,
BAJAJELEC,23.593353,
BAJAJFINSV,100.45001,
BAJAJHIND,1.0500007,
BAJAJHLDNG,56.06667,
BAJFINANCE,154.24992,
BALAJITELE,5.183333,
BALAMINES,10.616669,
BALAXI,217.9168,
BALKRISHNA,0.33333302,
BALKRISIND,101.166664,
BALLARPUR,75.50007,
BALMLAWRIE,4.233332,
BALPHARMA,32.03333,
BALRAMCHIN,9.500003,
BANARBEADS,1.6000004,
BANARISUG,35.583332,
BANCOINDIA,0.6666661,
BANDHANBNK,8.3,
BANG,2.1833336,
BANKBARODA,4.866661,
BANKBEES,3.2166684,
BANKINDIA,52.23332,
BANSWRAS,4.149999,
BARTRONICS,9.950002,
BASF,9.616659,
BASML,4.5333304,
BATAINDIA,14.46667,
BAYERCROP,22.466667,
BBL,6.216665,
BBTC,14.016674,
BCG,5.483333,
BCP,9.800003,
BDL,21.516678,
BEARDSELL,27.716667,
BEDMUTHA,29.766638,
BEL,19.44999,
BEML,23.783304,
BEPL,1.1166674,
BERGEPAINT,5.3666587,
BETA,6.066667,
BFINVEST,6.9833293,
BFUTILITIE,6.999998,
BGLOBAL,3.0666664,
BGRENERGY,10.033322,
BHAGERIA,7.6999946,
BHAGYANGR,6.8333335,
BHAGYAPROP,6.183333,
BHANDARI,4.5499973,
BHARATFORG,11.800008,
BHARATGEAR,5.1999974,
BHARATRAS,79.28333,
BHARATWIRE,2.5166671,
BHARTIARTL,7.8499985,
BHEL,0.9500001,
BIGBLOC,1.2833333,
BIL,8.766665,
BILENERGY,7.066662,
BINDALAGRO,31.766602,
BIOCON,24.683332,
BIOFILCHEM,4.833331,
BIRLACABLE,5.6499953,
BIRLACORPN,14.650001,
BIRLAMONEY,2.6833317,
BKMINDST,3.4833345,
BLBLIMITED,0.50000006,
BLISSGVS,3.7666705,
BLKASHYAP,2.5166624,
BLS,1.983333,
BLUEBLENDS,17.99999,
BLUEDART,69.78333,
BLUESTARCO,18.933332,
BODALCHEM,0.6666661,
BOHRA,1.8833302,
BOMDYEING,3.1499987,
BOROSIL,2.9000027,
BOSCHLTD,74.566666,
BPCL,49.200016,
BPL,42.133343,
BRFL,7.9833426,
BRIGADE,4.8499985,
BRITANNIA,20.783316,
BRITANNIA,171.95667,
BRNL,9.433342,
BROOKS,182.88335,
BSE,9.400006,
BSELINFRA,7.1166654,
BSHSL,30.15,
BSL,3.5266647,
BSLGOLDETF,46.46665,
BSOFT,1.5466652,
BURNPUR,4.5666738,
BUTTERFLY,7.3833337,
BVCL,4.366658,
BYKE,29.816666,
CADILAHC,2.640002,
CADSYS,5.766668,
CALSOFT,37.05,
CAMLINFINE,12.563332,
CANBK,2.816665,
CANDC,3.0833333,
CANFINHOME,12.316666,
CANTABIL,4.5666714,
CAPACITE,3.9000008,
CAPLIPOINT,5.100002,
CAPTRUST,8.53333,
CARBORUNIV,7.533333,
CAREERP,4.566668,
CARERATING,9.550008,
CASTEXTECH,5.450001,
CASTROLIND,9.566666,
CCHHL,2.8166666,
CCL,13.866669,
CDSL,5.1333294,
CEATLTD,10.916667,
CEBBCO,1.9666649,
CELEBRITY,8.983337,
CELESTIAL,2.6166708,
CENTENKA,12.0,
CENTEXT,0.38333344,
CENTRALBK,5.249998,
CENTRUM,2.5166724,
CENTUM,17.916666,
CENTURYPLY,1.3999977,
CENTURYTEX,8.183337,
CERA,7.4,
CEREBRAINT,9.299988,
CESC,5.1833453,
CESCVENT,17.85002,
CGCL,20.01663,
CGPOWER,4.75,
CHALET,8.750005,
CHAMBLFERT,13.533325,
CHEMBOND,28.03335,
CHEMFAB,3.4333344,
CHENNPETRO,14.033345,
CHOLAFIN,13.250005,
CHOLAHLDNG,17.566666,
CHROMATIC,4.2666645,
CIGNITITEC,11.166667,
CIMMCO,7.683329,
CINELINE,10.133316,
CINEVISTA,3.3166676,
CIPLA,7.899994,
CKFSL,2.8500001,
CLEDUCATE,8.533332,
CLNINDIA,3.0,
CMICABLES,5.983336,
CMMIPL,0.51666665,
CNOVAPETRO,1.4333339,
COALINDIA,6.0833416,
COCHINSHIP,10.883325,
COFFEEDAY,0.84999996,
COLPAL,8.583333,
COMPINFO,9.600003,
COMPUSOFT,6.1666665,
CONCOR,4.86667,
CONFIPET,24.83335,
CONSOFINVT,2.3833349,
CONTI,6.449995,
CONTROLPR,13.783334,
CORALFINAC,41.23335,
CORDSCABLE,3.75,
COROMANDEL,4.6500034,
CORPBANK,8.783345,
COSMOFILMS,1.983334,
COUNCODOS,4.4500003,
COX&KINGS,10.500004,
CPSEETF,3.5333335,
CREATIVE,4.4666696,
CREATIVEYE,1.2666668,
CREDITACC,19.966679,
CREST,3.6666667,
CRISIL,24.900015,
CROMPTON,2.7833292,
CSBBANK,13.500004,
CTE,3.7933338,
CUB,23.833319,
CUBEXTUB,26.71667,
CUMMINSIND,26.049997,
CUPID,29.63334,
CYBERMEDIA,6.1833344,
CYBERTECH,3.3333328,
CYIENT,12.0666685,
DAAWAT,4.883335,
DABUR,2.9333293,
DALBHARAT,27.316683,
DALMIASUG,9.349996,
DAMODARIND,0.88333386,
DANGEE,8.200007,
DATAMATICS,11.3166685,
DBCORP,4.733336,
DBL,11.916672,
DBREALTY,9.866668,
DBSTOCKBRO,2.616666,
DCAL,6.3666606,
DCBBANK,5.233333,
DCM,1.8166656,
DCMFINSERV,4.1833267,
DCMNVL,3.5333347,
DCMSHRIRAM,6.433329,
DCW,2.5999994,
DECCANCE,6.716665,
DEEPAKFERT,6.033333,
DEEPAKNTR,3.2666686,
DEEPIND,6.933333,
DELTACORP,7.2999954,
DELTAMAGNT,8.300004,
DEN,8.116668,
DENORA,8.449994,
DEVIT,4.900007,
DFMFOODS,12.549998,
DGCONTENT,5.549999,
DHAMPURSUG,4.4333367,
DHANBANK,6.866665,
DHANUKA,20.733337,
DHARSUGAR,4.583332,
DHFL,6.733339,
DHFL,18.366674,
DHFL,6.3333354,
DHFL,5.266667,
DHFL,11.136673,
DHFL,9.483334,
DHFL,15.119999,
DHFL,10.0,
DHFL,8.533336,
DHFL,13.286672,
DHFL,0.01666665,
DHUNINV,9.733327,
DIAMONDYD,19.300009,
DIAPOWER,2.650001,
DICIND,14.8,
DIGISPICE,12.150001,
DIGJAMLTD,91.61674,
DISHTV,3.433328,
DIVISLAB,21.283325,
DIXON,111.11678,
DLF,14.833331,
DLINKINDIA,144.63333,
DMART,24.333334,
DNAMEDIA,1.816666,
DOLAT,29.633316,
DOLLAR,2.6166635,
DONEAR,3.2333336,
DPSCLTD,2.450001,
DPWIRES,6.3500004,
DQE,30.0,
DREDGECORP,4.366671,
DRREDDY,34.83338,
DSML,4.3833356,
DSSL,17.833317,
DTIL,2.4666653,
DUCON,2.48333,
DVL,14.683342,
DWARKESH,4.733332,
DYNAMATECH,21.800003,
DYNPRO,17.949995,
E2E,2.6833324,
EASTSILK,0.54999214,
EASUNREYRL,0.49666342,
EBBETF0423,15.313331,
EBBETF0430,4.4966836,
EC2RG,0.6000082,
ECLERX,23.483337,
ECLFINANCE,7.433329,
ECLFINANCE,9.0,
ECLFINANCE,5.3333335,
ECLFINANCE,26.283346,
ECLFINANCE,16.650003,
ECLFINANCE,10.333333,
ECLFINANCE,27.666666,
ECLFINANCE,39.926678,
ECLFINANCE,44.630005,
ECLFINANCE,0.0,
ECLFINANCE,18.333334,
ECLFINANCE,4.0033364,
ECLFINANCE,12.666667,
ECLFINANCE,54.666668,
ECLFINANCE,11.07666,
ECLFINANCE,12.066667,
ECLFINANCE,45.069996,
ECLFINANCE,14.633342,
EDELWEISS,4.766668,
EDL,17.133326,
EDUCOMP,143.69974,
EHFLNCD,4.00334,
EICHERMOT,388.43335,
EIDPARRY,135.88333,
EIFFL,3.8666637,
EIHAHOTELS,8.216672,
EIHOTEL,3.5833359,
EIMCOELECO,8.866661,
EKC,6.2833333,
ELECON,5.266668,
ELECTCAST,3.3999965,
ELECTHERM,1.1999995,
ELGIEQUIP,10.183334,
ELGIRUBCO,2.533329,
EMAMILTD,3.2166684,
EMAMIPAP,9.316661,
EMAMIREAL,0.38333535,
EMBASSY,5.240003,
EMCO,3.8966706,
EMKAY,1.1966652,
EMKAYTOOLS,1.0900005,
EMMBI,15.05,
EMOFSR1RDP,0.19333363,
EMOFSR1RGG,2.0700006,
ENDURANCE,40.96667,
ENERGYDEV,0.41666666,
ENGINERSIN,1.7000021,
ENIL,11.999997,
EON,17.196663,
EQ30,6.299998,
EQUITAS,35.633335,
ERFLNCDI,6.0,
ERFLNCDI,16.566671,
ERFLNCDI,5.6333413,
ERFLNCDI,44.570004,
ERIS,45.143322,
EROSMEDIA,7.9500003,
ESABINDIA,39.800014,
ESCORTS,14.033328,
ESSARSHPNG,19.9,
ESSELPACK,29.450005,
ESTER,0.4166659,
EUROCERA,1.9666637,
EUROMULTI,1.8166661,
EUROTEXIND,5.299996,
EVEREADY,0.3833331,
EVERESTIND,23.983332,
EXCEL,3.7333329,
EXCELINDUS,16.600006,
EXIDEIND,1.4333323,
EXPLEOSOL,24.833334,
FACT,2.8666713,
FAIRCHEM,15.333333,
FCL,0.933332,
FCONSUMER,11.533337,
FCSSOFT,1.4666668,
FDC,1.8499998,
FEDERALBNK,0.96666485,
FEL,9.98333,
FELDVR,1.8833351,
FIEMIND,8.733337,
FILATEX,25.91665,
FINCABLES,14.016663,
FINEORG,55.850033,
FINPIPE,14.450012,
FLEXITUFF,36.61665,
FLFL,8.266673,
FLUOROCHEM,7.816671,
FMGOETZE,29.766653,
FMNL,6.3333373,
FOCUS,35.01668,
FORCEMOT,19.200006,
FORTIS,3.850001,
FOSECOIND,62.783344,
FOURTHDIM,1.6833305,
FRETAIL,40.549995,
FSC,5.0166726,
FSL,5.0666733,
GABRIEL,7.2833333,
GAEL,26.049967,
GAIL,2.883335,
GAL,3.8500004,
GALAXYSURF,16.233341,
GALLANTT,4.7666645,
GALLISPAT,29.9,
GAMMNINFRA,1.6166672,
GANDHITUBE,4.1166644,
GANECOS,2.5166667,
GANESHHOUC,2.4666672,
GANGESSECU,28.666632,
GANGOTRI,1.1333328,
GARDENSILK,1.4166664,
GARFIBRES,27.083344,
GATI,2.4000025,
GAYAHWS,32.78332,
GAYAPROJ,0.33333334,
GDL,3.0499995,
GEECEE,3.1499984,
GEEKAYWIRE,1.5999998,
GENESYS,1.8166676,
GENUSPAPER,6.033333,
GENUSPOWER,6.8833375,
GEOJITFSL,3.3666668,
GEPIL,11.016656,
GESHIP,16.15001,
GET&D,6.466675,
GFLLIMITED,7.8666687,
GHCL,6.6499996,
GICHSGFIN,14.03333,
GICRE,4.35,
GILLANDERS,5.2499976,
GILLETTE,13.75,
GINNIFILA,24.666733,
GIPCL,6.450003,
GKWLIMITED,3.833341,
GLAXO,35.616688,
GLENMARK,18.816633,
GLFL,7.716675,
GLOBALVECT,5.4666734,
GLOBOFFS,1.9499997,
GLOBUSSPR,32.916637,
GMBREW,7.1500034,
GMDCLTD,8.666679,
GMMPFAUDLR,26.499998,
GMRINFRA,33.483334,
GNA,7.1500015,
GNFC,26.416662,
GOACARBON,6.75,
GOCLCORP,8.883342,
GODFRYPHLP,66.783325,
GODREJAGRO,39.48335,
GODREJCP,20.949991,
GODREJIND,10.649987,
GODREJPROP,32.849987,
GOENKA,3.8666747,
GOKEX,18.71666,
GOKUL,0.30000013,
GOKULAGRO,1.6666666,
GOLDBEES,8.366666,
GOLDENTOBC,8.883285,
GOLDIAM,3.0566647,
GOLDSHARE,17.683332,
GOLDTECH,3.6499994,
GOODLUCK,23.133364,
GPIL,4.8833313,
GPPL,2.5666656,
GPTINFRA,3.7166672,
GRANULES,5.2500024,
GRAPHITE,10.916675,
GRASIM,11.733325,
GRAVITA,5.1833305,
GREAVESCOT,23.066666,
GREENLAM,13.300006,
GREENPANEL,4.7666664,
GREENPLY,19.899982,
GREENPOWER,5.7833333,
GRINDWELL,12.816681,
GROBTEA,36.366665,
GRPLTD,29.866678,
GRSE,15.799999,
GSCLCEMENT,41.250004,
GSFC,67.96693,
GSKCONS,34.81654,
GSPL,3.8999965,
GSS,35.499935,
GTL,4.9666667,
GTLINFRA,0.599999,
GTNIND,1.0999994,
GTNTEX,1.2999995,
GTPL,7.183336,
GUFICBIO,2.850001,
GUJALKALI,8.399993,
GUJAPOLLO,5.4,
GUJGASLTD,7.6499887,
GUJRAFFIA,4.950002,
GULFOILLUB,4.3666625,
GULFPETRO,4.0,
GULPOLY,11.883336,
GVKPIL,14.599988,
HAL,12.650004,
HARITASEAT,24.066683,
HARRMALAYA,12.26666,
HATHWAY,5.9333267,
HATSUN,6.6166706,
HAVELLS,13.049995,
HAVISHA,4.5333333,
HBLPOWER,1.3999996,
HCC,0.46666703,
HCG,9.216682,
HCL-INSYS,10.349999,
HCLTECH,16.099997,
HDFC,21.83335,
HDFCAMC,19.783325,
HDFCBANK,27.466715,
HDFCLIFE,23.15332,
HDFCMFGETF,51.583332,
HDFCNIFETF,7.2366657,
HDFCSENETF,27.966675,
HDIL,4.263347,
HEG,47.81666,
HEIDELBERG,8.083335,
HEOF1100RG,19.06665,
HERCULES,12.566632,
HERITGFOOD,5.019998,
HEROMOTOCO,17.766668,
HESTERBIO,17.06665,
HEXATRADEX,24.066666,
HEXAWARE,24.900015,
HFCL,0.57000035,
HGINFRA,8.23334,
HGS,35.916683,
HHOF1140RG,5.68667,
HIKAL,7.450007,
HIL,14.416664,
HILTON,6.100002,
HIMATSEIDE,14.316665,
HINDALCO,1.5166627,
HINDCOMPOS,6.2500024,
HINDCOPPER,2.9166667,
HINDMOTORS,6.3166623,
HINDNATGLS,0.9833336,
HINDOILEXP,16.683317,
HINDPETRO,3.333332,
HINDSYNTEX,4.3500037,
HINDUNILVR,12.133334,
HINDZINC,4.25,
HIRECT,16.35002,
HISARMETAL,6.3333306,
HITECH,9.066666,
HITECHCORP,6.25,
HITECHGEAR,3.5333354,
HLVLTD,16.333338,
HMT,14.966667,
HMVL,170.76666,
HNDFDS,20.449991,
HNGSNGBEES,8.306663,
HONAUT,132.71693,
HONDAPOWER,25.149994,
HOVS,108.11654,
HPIL,15.750016,
HPL,1.2333342,
HSCL,0.98333293,
HSIL,1.7999992,
HTMEDIA,3.9499924,
HUBTOWN,0.9000006,
HUDCO,1.5133295,
HUDCO,13.216667,
HUDCO,6.813338,
HUDCO,7.403353,
HUDCO,3.616666,
HUDCO,0.0,
HUDCO,7.693319,
HUDCO,17.246664,
IBMFNIFTY,12.649983,
IBREALEST,27.516647,
IBUCCREDIT,2.0,
IBUCCREDIT,6.483332,
IBUCCREDIT,2.5166626,
IBULHSGFIN,5.7166595,
IBULHSGFIN,51.350006,
IBULHSGFIN,10.0,
IBULHSGFIN,6.25,
IBULISL,12.050008,
IBVENTURES,1.0333328,
IBVENTURES,12.916667,
ICFL,2.2500076,
ICFL,8.706668,
ICFL,2.8199985,
ICFL,27.783325,
ICFL,8.966675,
ICFL,5.4333344,
ICFL,16.333334,
ICFL,0.74666214,
ICICI500,1.7166647,
ICICIB22,1.9699999,
ICICIBANK,7.2899957,
ICICIBANKN,3.2399929,
ICICIBANKP,1.6033376,
ICICIGI,20.300009,
ICICIGOLD,2.1666667,
ICICILIQ,0.17332523,
ICICILOVOL,8.529991,
ICICIM150,8.036667,
ICICIMCAP,1.3166695,
ICICINF100,15.673299,
ICICINIFTY,4.209999,
ICICINV20,6.9199996,
ICICINXT50,0.99333364,
ICICIPRULI,9.816655,
ICICISENSX,3.0066593,
ICIL,17.183268,
ICRA,110.46664,
IDBI,0.6365865,
IDBIGOLD,26.733316,
IDEA,3.7166665,
IDFC,1.2833328,
IDFCFIRSTB,4.683333,
IDFCFIRSTB,12.346776,
IDFCFIRSTB,49.24655,
IDFCFIRSTB,5.5166626,
IDFCFIRSTB,78.75,
IDFCFIRSTB,23.04349,
IDFNIFTYET,17.633333,
IEX,5.6333313,
IFBAGRO,22.18337,
IFBIND,20.566666,
IFCI,30.396746,
IFCI,5.9166565,
IFCI,5.580012,
IFCI,5.850006,
IFGLEXPOR,13.916672,
IGARASHI,6.3333354,
IGL,31.16333,
IGPL,4.5,
IIFCL,6.8833365,
IIFL,11.75,
IIFLFIN,5.899994,
IIFLFIN,5.816662,
IIFLFIN,18.833334,
IIFLFIN,2.3333333,
IIFLFIN,13.533333,
IIFLFIN,4.8333416,
IIFLFIN,0.033333343,
IIFLFIN,13.949997,
IIFLFIN,2.6833293,
IIFLSEC,1.3333336,
IIFLWAM,9.283349,
IIHFL,3.6499965,
IIHFL,24.699984,
IITL,5.6666627,
IL&FSENGG,24.366667,
IL&FSTRANS,1.5833343,
IMFA,7.5000033,
IMPAL,18.566666,
IMPEXFERRO,23.049994,
INDBANK,0.44666538,
INDHOTEL,1.8166686,
INDIACEM,7.283338,
INDIAGLYCO,10.133334,
INDIAMART,17.149988,
INDIANB,22.96663,
INDIANCARD,6.4166718,
INDIANHUME,6.6166687,
INDIGO,20.366646,
INDIGRID,17.609983,
INDLMETER,0.48333487,
INDNIPPON,4.799998,
INDOCO,13.766666,
INDORAMA,3.416666,
INDOSOLAR,9.916666,
INDOSTAR,11.783329,
INDOTECH,6.049999,
INDOTHAI,3.1000004,
INDOWIND,2.1366637,
INDRAMEDCO,5.283335,
INDSWFTLAB,5.3166804,
INDSWFTLTD,5.4333415,
INDTERRAIN,4.9500012,
INDUSINDBK,9.683316,
INEOSSTYRO,27.416656,
INFIBEAM,11.533333,
INFOBEAN,11.149991,
INFRABEES,2.799998,
INFRATEL,4.9533286,
INFY,6.733332,
INGERRAND,9.016666,
INNOVANA,6.0166574,
INOXLEISUR,3.0833359,
INOXWIND,2.666668,
INSECTICID,18.24999,
INSPIRISYS,17.50001,
INTEGRA,10.916667,
INTELLECT,1.8166656,
INTENTECH,7.499996,
INVENTURE,31.41665,
IOB,1.2333332,
IOC,3.2833312,
IOLCP,3.5999982,
IPCALAB,11.216675,
IRB,5.716665,
IRBINVIT,17.946657,
IRCON,14.950015,
IRCTC,23.713343,
IREDA,16.516663,
IREDA,20.549986,
IRFC,0.39999995,
IRFC,2.7666473,
IRFC,3.6500041,
IRFC,1.1666666,
IRFC,28.246672,
IRFC,3.3833332,
IRFC,4.91333,
IRFC,2.8033447,
IRFC,8.67334,
ISEC,5.566668,
ISFT,8.9833355,
ISMTLTD,3.4333344,
ITC,2.8166668,
ITDC,4.433331,
ITDCEM,5.650003,
ITI,3.2000008,
IVC,0.7333329,
IVP,1.3500005,
IVZINNIFTY,3.1499977,
IZMO,13.566667,
J&KBANK,12.266665,
JAGRAN,1.066669,
JAGSNPHARM,1.600001,
JAIBALAJI,6.9166718,
JAICORPLTD,1.8000002,
JAKHARIA,3.2333305,
JALAN,19.66665,
JAMNAAUTO,0.31666693,
JASH,3.3333342,
JAYAGROGN,1.5833324,
JAYBARMARU,3.083332,
JAYNECOIND,5.233333,
JAYSREETEA,4.2166657,
JBCHEPHARM,12.2,
JBFIND,3.0166667,
JBMA,6.0833335,
JCHAC,24.316666,
JETAIRWAYS,3.866668,
JHS,0.39999995,
JIKIND,2.6666667,
JINDALPHOT,25.816698,
JINDALPOLY,12.883331,
JINDALSAW,2.9166632,
JINDALSTEL,8.133329,
JINDCOT,1.4666654,
JINDRILL,8.166669,
JINDWORLD,3.4499981,
JISLDVREQS,4.1999965,
JISLJALEQS,1.8833348,
JITFINFRA,3.0166657,
JIYAECO,3.95,
JKCEMENT,11.533349,
JKIL,1.1333324,
JKLAKSHMI,7.5499997,
JKPAPER,1.6,
JKTYRE,11.766667,
JMA,3.1833293,
JMCPROJECT,6.683333,
JMFINANCIL,11.916664,
JMTAUTOLTD,6.1499977,
JOCIL,2.2333333,
JPASSOCIAT,2.4666662,
JPINFRATEC,14.700004,
JPOLYINVST,28.133348,
JPPOWER,2.633333,
JSL,1.3166661,
JSLHISAR,2.2499979,
JSWENERGY,10.300014,
JSWHL,51.933334,
JSWSTEEL,4.616671,
JSWSTEEL,2.050002,
JTEKTINDIA,37.750008,
JUBILANT,14.183345,
JUBLFOOD,23.28335,
JUBLINDS,6.8833337,
JUMPNET,6.933329,
JUNIORBEES,26.41665,
JUSTDIAL,8.466668,
JVLAGRO,1.733334,
JYOTHYLAB,12.360011,
KABRAEXTRU,9.4166765,
KAJARIACER,5.200012,
KAKATCEM,8.150001,
KALPATPOWR,3.6500032,
KALYANIFRG,15.700002,
KAMATHOTEL,8.366668,
KAMDHENU,8.7,
KANANIIND,15.083332,
KANORICHEM,8.733334,
KANSAINER,3.0333328,
KARDA,7.033324,
KARMAENG,1.3666658,
KARURVYSYA,17.450016,
KAUSHALYA,7.35,
KAVVERITEL,0.98333234,
KAYA,10.849998,
KCP,2.3166673,
KCPSUGIND,3.0166647,
KDDL,7.816658,
KEC,12.850001,
KECL,12.983342,
KEI,9.916675,
KELLTONTEC,8.983339,
KENNAMET,17.233343,
KERNEX,6.5499988,
KESORAMIND,5.3499947,
KEYFINSERV,3.899999,
KGL,13.400017,
KHADIM,16.76668,
KHAITANLTD,2.1500003,
KHFM,8.333333,
KICL,11.149999,
KILITCH,6.483335,
KINGFA,7.65,
KIOCL,3.8333328,
KIRIINDUS,21.133331,
KIRLFER,4.283333,
KIRLOSBROS,31.466665,
KIRLOSENG,5.6333337,
KIRLOSIND,16.649994,
KITEX,3.050003,
KKCL,49.116665,
KMSUGAR,3.713334,
KNRCON,31.766668,
KOHINOOR,2.883333,
KOKUYOCMLN,10.199997,
KOLTEPATIL,4.299999,
KOPRAN,9.300008,
KOTAKBANK,11.166634,
KOTAKBKETF,3.883334,
KOTAKGOLD,5.333329,
KOTAKNIFTY,1.7900022,
KOTAKNV20,18.753357,
KOTAKPSUBK,5.5866647,
KOTARISUG,1.8999962,
KOTHARIPET,0.78333455,
KOTHARIPRO,5.2366652,
KPITTECH,3.4666646,
KPRMILL,14.799992,
KRBL,8.2,
KREBSBIO,4.349996,
KRIDHANINF,1.7833338,
KRISHANA,7.4166665,
KRITIKA,5.9833374,
KSB,10.366658,
KSCL,8.430005,
KSERASERA,9.699996,
KSHITIJPOL,4.216665,
KSK,6.7000003,
KSL,9.413313,
KTKBANK,15.616664,
KUANTUM,4.8333344,
KWALITY,27.883307,
L&TFH,0.85000056,
L&TFINANCE,5.3500085,
L&TFINANCE,22.086655,
L&TFINANCE,16.653341,
L&TFINANCE,37.666668,
L&TFINANCE,4.500004,
L&TFINANCE,5.25,
L&TFINANCE,17.749979,
L&TFINANCE,2.5666707,
L&TINFRA,15.400008,
L&TINFRA,5.266668,
L&TINFRA,9.82666,
L&TINFRA,0.9166584,
L&TINFRA,35.61334,
LAKPRE,10.366662,
LAKSHVILAS,4.596663,
LALPATHLAB,11.900014,
LAMBODHARA,13.033337,
LAOPALA,32.75001,
LASA,0.4433314,
LAURUSLABS,6.8400116,
LAXMIMACH,35.99999,
LEMONTREE,1.3499994,
LFIC,3.5166664,
LGBBROSLTD,4.5166707,
LGBFORGE,9.0,
LIBAS,7.183349,
LIBERTSHOE,15.729991,
LICHSGFIN,27.216654,
LICNETFGSC,32.456676,
LICNETFN50,7.01667,
LICNETFSEN,17.866669,
LICNFNHGP,27.98333,
LINCOLN,2.4700031,
LINCPEN,4.806671,
LINDEINDIA,22.749994,
LIQUIDBEES,5.3200054,
LIQUIDETF,0.5233409,
LOKESHMACH,0.56,
LOTUSEYE,1.016667,
LOVABLE,9.2166815,
LPDC,7.3266683,
LSIL,21.483332,
LT,19.11666,
LTI,10.0333185,
LTTS,21.416662,
LUMAXIND,36.89999,
LUMAXTECH,4.7333302,
LUPIN,4.7333374,
LUXIND,29.233337,
LYKALABS,4.2000036,
LYPSAGEMS,2.8633301,
M&M,6.699997,
M&MFIN,10.240006,
M&MFIN,1.4166666,
M&MFIN,1.7833333,
M100,7.113333,
M17RD,5.3166656,
M50,24.723398,
MAANALU,6.9,
MACPOWER,6.9833293,
MADHAV,6.049998,
MADHUCON,2.016668,
MADRASFERT,2.3499997,
MAGADSUGAR,3.216668,
MAGMA,1.05,
MAGNUM,1.8999996,
MAHABANK,1.899999,
MAHAPEXLTD,12.716662,
MAHASTEEL,4.583336,
MAHESHWARI,13.066661,
MAHICKRA,5.1166687,
MAHINDCIE,5.666664,
MAHLIFE,52.766705,
MAHLOG,6.5333314,
MAHSCOOTER,68.16667,
MAHSEAMLES,9.900002,
MAITHANALL,8.600003,
MAJESCO,35.943336,
MALUPAPER,1.416666,
MAN50ETF,1.8833348,
MANAKALUCO,9.816665,
MANAKCOAT,1.2166667,
MANAKSIA,1.0666656,
MANAKSTEEL,2.7833326,
MANALIPETC,57.150066,
MANAPPURAM,16.700003,
MANGALAM,6.9500046,
MANGCHEFER,3.1666622,
MANGLMCEM,4.3333297,
MANGTIMBER,1.4833342,
MANINDS,1.4833326,
MANINFRA,3.6333325,
MANUGRAPH,7.049993,
MARALOVER,6.16667,
MARATHON,2.9166658,
MARICO,4.2000055,
MARINE,23.233332,
MARKSANS,32.133335,
MARSHALL,0.8333333,
MARUTI,51.600002,
MASFIN,32.216656,
MASTEK,11.05,
MATRIMONY,5.1000023,
MAWANASUG,2.8166656,
MAXINDIA,7.0833306,
MAXVIL,4.6333337,
MAYURUNIQ,2.4000015,
MAZDA,5.066667,
MBECL,0.14999993,
MBLINFRA,0.29999986,
MCDHOLDING,19.96665,
MCDOWELL-N,15.333336,
MCL,1.8833338,
MCLEODRUSS,75.333305,
MCX,13.000012,
MEGASOFT,1.8999996,
MEGH,4.899999,
MELSTAR,3.2333348,
MENONBE,4.8333344,
MEP,0.8166669,
MERCATOR,8.283334,
METALFORGE,0.36666667,
METKORE,17.300009,
METROPOLIS,21.25,
MFSL,11.650004,
MGEL,15.016643,
MGL,10.75,
MHHL,0.033333343,
MHRIL,3.6166637,
MIC,3.8500001,
MIDHANI,7.716661,
MILTON,3.6833375,
MINDACORP,10.316673,
MINDAIND,6.533336,
MINDPOOL,0.6666673,
MINDTECK,3.7500026,
MINDTREE,22.68332,
MIRCELECTR,3.0000007,
MIRZAINT,8.233337,
MMFL,19.48333,
MMP,430.69897,
MMTC,1.2166666,
MODIRUBBER,2.5666664,
MOHITIND,2.450001,
MOHOTAIND,1.3000005,
MOIL,5.5333304,
MOLDTECH,3.333338,
MOLDTKPAC,2.4500043,
MONTECARLO,2.78333,
MORARJEE,2.5333347,
MOREPENLAB,8.850005,
MOTHERSUMI,2.0833313,
MOTILALOFS,30.383322,
MOTOGENFIN,32.150013,
MPHASIS,375.1,
MPSLTD,9.396651,
MRF,200.71667,
MRPL,3.716669,
MSPL,1.3999997,
MSTCLTD,4.016665,
MTEDUCARE,0.6000001,
MTNL,1.0333332,
MUKANDENGG,1.0833336,
MUKANDLTD,0.93333244,
MUKANDLTD,5.0499997,
MUKTAARTS,1.7333311,
MUNJALAU,9.933341,
MUNJALSHOW,13.950012,
MURUDCERA,9.750012,
MUTHOOTCAP,8.1033325,
MUTHOOTFIN,42.546673,
N100,32.213345,
NABARD,0.97001916,
NACLIND,2.150001,
NAGAFERT,0.83333206,
NAGREEKCAP,22.266665,
NAGREEKEXP,3.2500002,
NAHARCAP,2.350001,
NAHARINDUS,2.3833332,
NAHARPOLY,4.466665,
NAHARSPING,3.8833325,
NAM-INDIA,8.433328,
NARMADA,0.5833335,
NATCOPHARM,6.183333,
NATHBIOGEN,40.183334,
NATIONALUM,30.933334,
NATNLSTEEL,9.03333,
NAUKRI,39.45003,
NAVINFLUOR,126.18339,
NAVKARCORP,0.9766674,
NAVNETEDUL,2.8233325,
NBCC,1.3533331,
NBIFIN,50.45334,
NBVENTURES,9.083339,
NCC,1.5700003,
NCLIND,1.5266666,
NDGL,3.5666587,
NDL,14.666671,
NDTV,5.15,
NECCLTD,3.999999,
NECLIFE,11.416663,
NELCAST,15.399993,
NELCO,115.32989,
NEOGEN,10.273341,
NESCO,4.4899993,
NESTLEIND,157.64006,
NETF,0.32333502,
NETFCONSUM,0.7033348,
NETFDIVOPP,1.0,
NETFLTGILT,72.57335,
NETFMID150,1.410005,
NETFNIF100,37.933334,
NETFNV20,3.3666656,
NETWORK18,9.916666,
NEULANDLAB,13.133339,
NEWGEN,9.566669,
NEXTMEDIA,2.6366737,
NFL,7.4166656,
NH,44.283344,
NHAI,1.8500081,
NHAI,7.0433183,
NHAI,14.083333,
NHAI,5.879995,
NHAI,1.7000084,
NHAI,87.33334,
NHAI,14.300008,
NHBTF2014,5.6666665,
NHBTF2023,15.966664,
NHPC,2.7166688,
NIACL,5.766668,
NIBL,0.13333328,
NIFTYBEES,1.4866663,
NIFTYEES,87.58331,
NIITLTD,2.0,
NIITTECH,50.18335,
NILAINFRA,17.183332,
NILASPACES,6.5833373,
NILKAMAL,10.250016,
NIPPOBATRY,16.750004,
NITCO,1.9400005,
NITINFIRE,0.6166664,
NITINSPIN,1.8666674,
NKIND,5.9666724,
NLCINDIA,8.633342,
NMDC,4.6333303,
NOCIL,8.433342,
NOIDATOLL,14.599996,
NORBTEAEXP,44.416668,
NPBET,14.053332,
NRAIL,5.0666647,
NRBBEARING,1.7999989,
NSIL,15.733357,
NTL,14.459987,
NTPC,2.3066652,
NTPC,0.083333336,
NTPC,3.366665,
NTPC,13.216675,
NTPC,4.4233336,
NTPC,13.0,
NTPC,7.5166755,
NTPC,32.68335,
NUCLEUS,6.633335,
NXTDIGITAL,7.3166623,
OAL,4.1166644,
OBEROIRLTY,7.983339,
OCCL,10.083341,
OFSS,29.96662,
OIL,2.1833332,
OILCOUNTUB,2.533332,
OISL,1.9166665,
OLECTRA,9.366671,
OMAXAUTO,1.7166678,
OMAXE,1.5833321,
OMKARCHEM,1.0999995,
OMMETALS,3.133337,
ONELIFECAP,29.066666,
ONEPOINT,0.84999996,
ONGC,1.2000011,
ONMOBILE,0.5666669,
ONWARDTEC,0.79999924,
OPTIEMUS,0.8833327,
OPTOCIRCUI,207.31653,
ORBTEXP,8.716667,
ORICONENT,4.866663,
ORIENTABRA,3.3166656,
ORIENTALTL,1.8166666,
ORIENTBANK,1.6500015,
ORIENTBELL,7.75,
ORIENTCEM,29.416674,
ORIENTELEC,8.333333,
ORIENTHOT,3.6666677,
ORIENTLTD,1.7666645,
ORIENTPPR,0.49999976,
ORIENTREF,286.78372,
ORISSAMINE,54.166676,
ORTEL,0.38333344,
ORTINLABSS,0.78333443,
OSWALAGRO,1.1333332,
PAEL,4.81667,
PAGEIND,244.1664,
PAISALO,38.49999,
PALASHSECU,0.6833337,
PALREDTEC,0.9333334,
PANACEABIO,13.066666,
PANACHE,0.78333354,
PANAMAPET,10.666667,
PAPERPROD,4.7833323,
PARABDRUGS,1.3366703,
PARACABLES,4.9666753,
PARAGMILK,46.699932,
PARSVNATH,2.7166665,
PASHUPATI,0.58333355,
PATELENG,5.9499993,
PATINTLOG,68.316734,
PATSPINLTD,97.83325,
PCJEWELLER,2.7166672,
PDMJEPAPER,2.3000002,
PDPL,19.316679,
PDSMFL,14.55,
PEARLPOLY,25.183334,
PEL,25.333334,
PENIND,0.28333282,
PENINLAND,1.5500015,
PENTAGOLD,0.7166659,
PERSISTENT,15.883325,
PETRONENGG,51.649998,
PETRONET,5.9499993,
PFC,1.6833344,
PFC,1.8833433,
PFC,174.11653,
PFC,40.920002,
PFIZER,40.816666,
PFOCUS,7.8666625,
PFS,13.349998,
PGEL,19.33333,
PGHH,117.66665,
PGHL,40.44998,
PGIL,9.60001,
PHILIPCARB,7.983332,
PHOENIXLTD,15.249997,
PIDILITIND,27.78335,
PIIND,28.783325,
PILANIINVS,10.150004,
PILITA,1.2999989,
PIONDIST,3.5999973,
PIONEEREMB,5.3999963,
PITTIENG,1.9666666,
PKTEA,6.3833327,
PLASTIBLEN,4.8666635,
PNB,4.466667,
PNBGILTS,3.9666672,
PNBHOUSING,13.5000105,
PNC,5.1333294,
PNCINFRA,12.033336,
PODDARHOUS,6.566668,
PODDARMENT,8.966664,
POKARNA,10.733341,
POLYCAB,15.899997,
POLYMED,22.433334,
POLYPLEX,5.6500077,
PONNIERODE,2.4499986,
POWERGRID,2.400002,
POWERMECH,11.633328,
PPAP,4.083335,
PPL,4.983332,
PRABHAT,2.2633317,
PRADIP,3.9000006,
PRAENG,1.5333319,
PRAJIND,17.11667,
PRAKASH,2.433334,
PRAKASHSTL,4.849996,
PRECAM,0.8000005,
PRECOT,17.366692,
PRECWIRE,6.6666465,
PREMEXPLN,3.6333313,
PREMIER,7.8833375,
PREMIERPOL,2.9999988,
PRESSMN,6.7833333,
PRESTIGE,4.9166665,
PRICOLLTD,6.4833283,
PRIMESECU,4.9633374,
PRINCEPIPE,2.8500025,
PRITI,5.066666,
PROSEED,2.2666667,
PROZONINTU,8.283329,
PRSMJOHNSN,4.4666677,
PSB,1.1166681,
PSL,1.2999995,
PSPPROJECT,30.483337,
PSUBNKBEES,6.980017,
PTC,16.91667,
PTL,2.116668,
PUNJABCHEM,11.433337,
PUNJLLOYD,12.76667,
PURVA,9.366671,
PUSHPREALM,7.0666833,
PVR,20.283325,
QGOLDHALF,8.433333,
QNIFTY,4.149998,
QUESS,13.833333,
QUICKHEAL,2.8333375,
RADAAN,2.7166655,
RADICO,6.700006,
RADIOCITY,10.566667,
RAIN,5.3000016,
RAJESHEXPO,8.533336,
RAJRAYON,7.81667,
RAJSREESUG,0.91666716,
RAJTV,20.050016,
RAJVIR,17.416674,
RALLIS,16.650007,
RAMANEWS,8.3499975,
RAMASTEEL,6.066679,
RAMCOCEM,27.549988,
RAMCOIND,9.683326,
RAMCOSYS,4.9500012,
RAMKY,10.100003,
RAMSARUP,7.2333374,
RANASUG,0.16666667,
RANEENGINE,19.413336,
RANEHOLDIN,17.416662,
RATNAMANI,12.033341,
RAYMOND,10.583327,
RBL,14.116669,
RBLBANK,8.266663,
RCF,3.6500084,
RCOM,0.2,
RECLTD,14.216649,
RECLTD,6.6133294,
RECLTD,1.2333254,
RECLTD,1.8833318,
RECLTD,0.85000104,
REDINGTON,4.916663,
REFEX,1.1833341,
REGENCERAM,10.433324,
RELAXO,13.433337,
RELCAPITAL,14.216671,
RELIANCE,16.749992,
RELIGARE,0.86666614,
RELINFRA,0.9333337,
RENUKA,1.6999989,
REPCOHOME,5.9499993,
REPL,1.2,
REPRO,9.183343,
RESPONIND,9.649999,
REVATHI,14.25,
RGL,15.666667,
RHFL,1.0166651,
RHFL,19.063334,
RHFL,4.266668,
RICOAUTO,0.7833333,
RIIL,7.983333,
RITES,6.0833373,
RKDL,0.51666737,
RKEC,8.0,
RKFORGE,8.53333,
RMCL,7.883325,
RMDRIP,1.3833332,
RML,5.500004,
RNAVAL,3.1833327,
ROHITFERRO,2.7166636,
ROHLTD,1.416666,
ROLLT,1.1666646,
ROLTA,7.5166664,
ROSSELLIND,1.4166688,
RPGLIFE,6.2500052,
RPOWER,0.98333335,
RPPINFRA,4.8666644,
RPPL,6.1166635,
RSSOFTWARE,3.1166687,
RSWM,2.6500008,
RSYSTEMS,3.3333309,
RTNINFRA,1.8499998,
RTNPOWER,5.549999,
RUBYMILLS,3.7166672,
RUCHI,26.950073,
RUCHINFRA,0.4166672,
RUCHIRA,6.283335,
RUPA,4.699998,
RUSHIL,5.1333327,
RVNL,0.7666669,
SABTN,8.216662,
SADBHAV,4.466667,
SADBHIN,2.2333338,
SAFARI,6.283333,
SAGARDEEP,2.95,
SAGCEM,16.25,
SAIL,8.016673,
SAKAR,134.99994,
SAKHTISUG,13.866666,
SAKSOFT,34.766666,
SAKUMA,0.45000005,
SALASAR,47.550068,
SALONA,3.3833313,
SALSTEEL,38.350063,
SALZERELEC,3.2166653,
SAMBHAAV,3.9333336,
SANCO,10.533336,
SANDESH,7.0833335,
SANDHAR,5.799999,
SANGAMIND,11.233337,
SANGHIIND,1.6166674,
SANGHVIFOR,5.6666675,
SANGHVIMOV,5.7333374,
SANGINITA,3.2699993,
SANOFI,28.36667,
SANWARIA,6.023339,
SARDAEN,45.933365,
SAREGAMA,27.316666,
SARLAPOLY,1.4666704,
SARVESHWAR,1.0766642,
SASKEN,39.56664,
SASTASUNDR,4.716667,
SATIA,5.033333,
SATIN,11.166664,
SBIETFQLTY,16.013334,
SBILIFE,22.983337,
SBIN,13.050008,
SBIN,8.266536,
SBIN,61.683334,
SBIN,102.73334,
SCAPDVR,13.879996,
SCHAEFFLER,46.650066,
SCHAND,14.833333,
SCHNEIDER,9.049999,
SCI,5.2833304,
SDBL,21.966682,
SEAMECLTD,17.739988,
SECURCRED,1.0,
SELAN,37.22667,
SELMCL,0.7166667,
SEPOWER,2.2833323,
SEQUENT,1.1166662,
SERVOTECH,16.966675,
SESHAPAPER,31.613297,
SETCO,45.0,
SETF10GILT,14.233333,
SETFGOLD,56.666668,
SETFNIF50,7.7700005,
SETFNIFBK,1.5700318,
SETFNN50,5.5500083,
SETUINFRA,13.216664,
SEYAIND,12.316666,
SEZAL,4.9166665,
SFL,16.1,
SGBAUG24,28.100016,
SGBAUG27,20.036661,
SGBDC27VII,53.960003,
SGBFEB24,32.883335,
SGBJ28VIII,42.36667,
SGBJAN26,3.549998,
SGBJUL25,13.0,
SGBMAR24,24.800001,
SGBMAR25,21.51333,
SGBMAY25,9.883334,
SGBMAY26,1.0333328,
SGBNOV23,23.966665,
SGBNOV24,12.2,
SGBNOV25,355.07983,
SGBNOV25VI,2.466668,
SGBNOV26,0.8666665,
SGBOCT25,12.76003,
SGBOCT25IV,8.483333,
SGBOCT26,3.2166672,
SGBOCT27,92.48334,
SGBOCT27VI,92.36667,
SGBSEP24,11.799998,
SGBSEP27,9.083337,
SGL,0.6333337,
SHAHALLOYS,3.6833344,
SHAKTIPUMP,21.0,
SHALBY,10.849998,
SHALPAINTS,2.7666674,
SHANKARA,7.699995,
SHANTIGEAR,1.1666659,
SHARDACROP,9.983335,
SHARDAMOTR,6.7999864,
SHARIABEES,11.613342,
SHEMAROO,24.333326,
SHIL,126.40026,
SHILPAMED,9.166672,
SHIRPUR-G,0.9833328,
SHIVAMAUTO,10.916667,
SHIVAMILLS,2.1499982,
SHIVATEX,6.266668,
SHK,3.5000012,
SHOPERSTOP,17.30001,
SHREDIGCEM,1.8166682,
SHREECEM,195.5168,
SHREEPUSHK,2.7833326,
SHREERAMA,3.8666668,
SHRENIK,1.5833334,
SHREYANIND,11.383343,
SHREYAS,6.9333386,
SHRIPISTON,7.8666625,
SHRIRAMCIT,34.399998,
SHRIRAMEPC,0.19999997,
SHUBHLAXMI,3.1666641,
SHYAMCENT,0.33333334,
SHYAMTEL,0.7333335,
SICAGEN,4.483331,
SICAL,14.166671,
SIEMENS,18.533325,
SIGIND,10.850013,
SIL,0.5,
SILINV,24.183332,
SIMBHALS,4.0833364,
SIMPLEXINF,19.283333,
SINTERCOM,5.233335,
SINTEX,1.2666667,
SIRCA,8.983333,
SIS,12.433333,
SITINET,0.7666665,
SIYSIL,7.3000007,
SJVN,1.0333341,
SKFINDIA,18.966667,
SKIL,3.9333372,
SKIPPER,5.716667,
SKMEGGPROD,9.116665,
SMARTLINK,2.6833344,
SMLISUZU,37.250004,
SMPL,9.966666,
SMSLIFE,5.26666,
SMSPHARMA,5.85,
SMVD,11.31667,
SNOWMAN,0.2333339,
SOBHA,2.6166668,
SOFTTECH,7.8666635,
SOLARA,45.583332,
SOLARINDS,25.949982,
SOMANYCERA,6.083332,
SOMATEX,14.066643,
SOMICONVEY,4.45,
SONAHISONA,0.66666657,
SONAMCLOCK,8.363338,
SONATSOFTW,3.7666626,
SORILINFRA,4.3166656,
SOTL,8.399992,
SOUTHBANK,4.4333334,
SOUTHWEST,0.98334974,
SPAL,3.3333232,
SPANDANA,73.31667,
SPARC,19.306662,
SPECIALITY,18.266676,
SPENCERS,1.2666601,
SPENTEX,1.6166626,
SPIC,9.48335,
SPICEJET,29.03335,
SPLIL,3.8333385,
SPMLINFRA,9.316667,
SPTL,30.79666,
SPYL,3.1500006,
SREEL,31.816671,
SREIBNPNCD,26.099976,
SREIBNPNCD,0.6166585,
SREIBNPNCD,0.0,
SREIBNPNCD,0.0,
SREINFRA,9.966666,
SREINFRA,0.03333333,
SREINFRA,14.766667,
SREINFRA,6.786672,
SRF,29.60003,
SRHHYPOLTD,3.2833302,
SRIPIPES,12.483334,
SRTRANSFIN,12.483314,
SRTRANSFIN,15.199997,
SRTRANSFIN,2.3333333,
SRTRANSFIN,2.4033306,
SRTRANSFIN,27.799995,
SRTRANSFIN,1.25,
SRTRANSFIN,4.416675,
SRTRANSFIN,1.416675,
SRTRANSFIN,13.600001,
SRTRANSFIN,19.496674,
SRTRANSFIN,0.21330567,
SRTRANSFIN,0.35000405,
SRTRANSFIN,6.4333344,
SRTRANSFIN,10.216662,
SRTRANSFIN,14.736653,
SRTRANSFIN,27.083374,
SRTRANSFIN,7.6666665,
SRTRANSFIN,15.100017,
SRTRANSFIN,4.2166686,
SRTRANSFIN,12.683342,
SRTRANSFIN,23.38334,
SRTRANSFIN,2.1866696,
SRTRANSFIN,14.883331,
SRTRANSFIN,3.116665,
SRTRANSFIN,8.933335,
SRTRANSFIN,1.4333324,
SRTRANSFIN,0.85000044,
SRTRANSFIN,6.150004,
SRTRANSFIN,2.049999,
SSINFRA,2.3166676,
SSWL,23.466696,
STAMPEDE,0.10000009,
STAN,3.8833334,
STAR,13.916663,
STARCEMENT,0.76666814,
STARPAPER,3.5666676,
STCINDIA,5.1166663,
STEELCITY,0.8999996,
STEELXIND,5.399998,
STEL,22.583334,
STERTOOLS,2.7333343,
STINDIA,13.083318,
STRTECH,28.766678,
SUBCAPCITY,13.366669,
SUBEX,11.266665,
SUBROS,20.083332,
SUDARSCHEM,7.650002,
SUJANAUNI,3.0666707,
SUMEETINDS,5.2500043,
SUMICHEM,7.766668,
SUMIT,5.0166674,
SUMMITSEC,9.783338,
SUNCLAYLTD,27.866632,
SUNDARAM,0.3833333,
SUNDARMFIN,26.699999,
SUNDARMHLD,3.7999992,
SUNDRMBRAK,4.8333373,
SUNDRMFAST,5.2499976,
SUNFLAG,0.56666714,
SUNPHARMA,3.416663,
SUNTECK,131.41673,
SUNTV,3.866666,
SUPERHOUSE,3.4500046,
SUPERSPIN,4.849996,
SUPPETRO,2.3000004,
SUPRAJIT,7.7833405,
SUPREMEENG,26.000013,
SUPREMEIND,12.033315,
SUPREMEINF,14.050008,
SURANASOL,19.466642,
SURANAT&P,4.31667,
SUREVIN,1.8166676,
SURYALAXMI,3.449992,
SURYAROSNI,5.699997,
SUTLEJTEX,8.166664,
SUVEN,1.9666653,
SUZLON,5.9166646,
SVLL,0.8999998,
SWANENERGY,2.5666666,
SWARAJENG,25.883333,
SWELECTES,3.813327,
SWSOLAR,2.6166668,
SYMPHONY,187.9333,
SYNCOM,1.7999979,
SYNDIBANK,12.763333,
SYNGENE,3.0999897,
TAINWALCHM,16.68334,
TAJGVK,15.049998,
TAKE,26.766665,
TALBROAUTO,10.966664,
TALWALKARS,38.716667,
TALWGYM,8.4333315,
TANLA,24.349997,
TARMAT,8.366675,
TASTYBITE,51.850067,
TATACAPHSG,2.1333332,
TATACAPHSG,1.6333338,
TATACAPHSG,1.8666586,
TATACAPHSG,6.0833397,
TATACAPHSG,1.3233408,
TATACHEM,13.800008,
TATACOFFEE,2.2333343,
TATACOMM,19.733328,
TATAELXSI,15.250008,
TATAGLOBAL,4.683309,
TATAINVEST,12.583374,
TATAMETALI,20.300009,
TATAMOTORS,6.2799935,
TATAMTRDVR,10.016669,
TATAPOWER,15.45,
TATASTEEL,13.93333,
TATASTEEL,38.050068,
TATASTLBSL,12.716667,
TATASTLLP,13.133331,
TBZ,13.799999,
TCFSL,7.350006,
TCFSL,19.463314,
TCFSL,9.116672,
TCFSL,17.56666,
TCFSL,5.3000016,
TCFSL,5.4499993,
TCFSL,1.683333,
TCI,3.700002,
TCIDEVELOP,8.633353,
TCIEXP,10.199989,
TCIFINANCE,1.6833347,
TCNSBRANDS,9.46667,
TCPLPACK,1.4166626,
TCS,18.53332,
TDPOWERSYS,13.816676,
TEAMLEASE,43.399982,
TECHIN,5.316667,
TECHM,19.049974,
TECHNOE,5.2333374,
TECHNOFAB,1.3666668,
TEJASNET,9.599992,
TERASOFT,1.4000002,
TEXINFRA,27.016731,
TEXMOPIPES,11.46667,
TEXRAIL,9.0,
TFCILTD,2.4999993,
TFL,2.0000002,
TGBHOTELS,2.4499986,
THANGAMAYL,6.51667,
THEINVEST,26.21667,
THEJO,41.583332,
THEMISMED,10.133332,
THERMAX,7.550009,
THIRUSUGAR,0.26666704,
THOMASCOOK,7.0333505,
THOMASCOTT,2.9666688,
THYROCARE,18.949984,
TI,5.633333,
TIDEWATER,49.36667,
TIIL,10.466671,
TIINDIA,32.3333,
TIJARIA,5.0000052,
TIL,3.216668,
TIMESGTY,5.1666665,
TIMETECHNO,6.1999984,
TIMKEN,7.4499955,
TINPLATE,1.3666676,
TIPSINDLTD,8.9,
TIRUMALCHM,6.7666793,
TIRUPATIFL,36.6666,
TITAN,9.816683,
TMRVL,4.383331,
TNPETRO,2.683334,
TNPL,3.4833324,
TNTELE,1.9333344,
TOKYOPLAST,12.76667,
TORNTPHARM,113.766685,
TORNTPOWER,3.0000002,
TOUCHWOOD,5.0333385,
TPLPLASTEH,3.7166631,
TRANSWIND,1.5833321,
TREEHOUSE,6.6999917,
TREJHARA,28.266668,
TRENT,9.0,
TRF,1.4166671,
TRIDENT,1.2833341,
TRIGYN,10.713341,
TRIL,6.7766623,
TRITURBINE,18.216667,
TRIVENI,8.420006,
TTKHLTCARE,24.333334,
TTKPRESTIG,32.516697,
TTL,3.149999,
TTML,2.6666727,
TV18BRDCST,3.2333329,
TVSELECT,48.43337,
TVSMOTOR,22.71667,
TVSSRICHAK,15.983325,
TVTODAY,3.8833377,
TVVISION,1.7833328,
TWL,1.2999998,
UBL,22.066666,
UCALFUEL,2.866667,
UCOBANK,0.1833334,
UFLEX,13.099998,
UFO,4.7499948,
UGARSUGAR,19.06665,
UJAAS,3.0500002,
UJJIVAN,13.93335,
UJJIVANSFB,1.2999992,
ULTRACEMCO,34.816666,
UMANGDAIRY,19.0,
UMESLTD,0.033333343,
UNICHEMLAB,2.7166655,
UNIENTER,5.6800156,
UNIINFO,5.466663,
UNIONBANK,4.2833333,
UNIPLY,0.4333335,
UNITECH,1.899999,
UNITEDBNK,0.1833335,
UNITEDTEA,9.716672,
UNITY,53.266666,
UNIVASTU,41.083332,
UNIVCABLES,4.7833304,
UPL,3.966678,
URAVI,5.583336,
URJA,0.33333322,
USHAMART,11.550004,
UTIFEFRGR4,0.083333336,
UTINEXT50,2.066662,
UTINIFTETF,18.996672,
UTISENSETF,30.876657,
UTISXN50,3.9666698,
UTTAMSTL,1.3333303,
UTTAMSUGAR,22.533335,
UVSL,1.3166665,
V2RETAIL,27.299982,
VADILALIND,21.099983,
VAIBHAVGBL,18.166666,
VAISHALI,14.033336,
VAKRANGEE,1.1166667,
VARDHACRLC,3.633335,
VARDMNPOLY,29.766665,
VARROC,20.150007,
VASA,19.733334,
VASCONEQ,4.5499997,
VASWANI,48.083332,
VBL,19.966654,
VCL,1.0833334,
VEDL,6.083336,
VENKEYS,29.73335,
VENUSREM,21.299988,
VERTOZ,1.3166676,
VESUVIUS,9.700007,
VETO,8.666664,
VGUARD,2.1333313,
VHL,9.949982,
VICEROY,40.099968,
VIDEOIND,4.1,
VIDHIING,11.533336,
VIJIFIN,17.216667,
VIKASECO,1.9166647,
VIKASMCORP,0.58333296,
VIKASPROP,1.6166645,
VIKASWSP,6.68333,
VIMALOIL,20.233343,
VIMTALABS,16.099998,
VINATIORGA,31.96662,
VINDHYATEL,12.166667,
VINYLINDIA,5.016665,
VIPCLOTHNG,41.933334,
VIPIND,20.366648,
VIPULLTD,22.449997,
VISAKAIND,3.8333375,
VISASTEEL,32.29997,
VISESHINFO,1.016666,
VISHAL,0.29999986,
VISHNU,5.533333,
VISHWARAJ,3.0666664,
VIVIDHA,6.400002,
VIVIMEDLAB,0.9333334,
VLSFINANCE,4.950003,
VMART,24.449999,
VOLTAMP,10.899999,
VOLTAS,7.166683,
VRLLOG,49.11667,
VSSL,29.116663,
